User_Num,Tx_Cost,Fulfill,Comp_Time
10,753.3333129882812,0.8249999999999998,10.575000000000001
50,753.3333129882812,0.8333333333333334,10.585
90,753.3333129882812,0.8342592592592591,10.512037037037038
130,821.6666870117188,0.8358974358974359,10.881410256410257
170,800.0,0.8333333333333334,10.741176470588234
210,776.6666870117188,0.8412698412698413,10.64920634920635
