User_Num,Tx_Cost,Fulfill,Comp_Time
10,1137.681640625,0.8333333333333334,10.408333333333332
50,1200.60986328125,0.83,11.009999999999998
90,1234.1080322265625,0.8222222222222223,11.216666666666666
130,1300.5242919921875,0.8333333333333334,11.367948717948718
170,1360.3543701171875,0.8259803921568628,11.398529411764705
210,1401.49609375,0.8218253968253967,11.558333333333335
