User_Num,Tx_Cost,Fulfill,Comp_Time
10,982.6666870117188,0.8000000000000002,17.45
50,1038.6666259765625,0.805,17.838333333333335
90,1100.0,0.8064814814814815,17.901851851851852
130,1148.0,0.7846153846153846,19.067948717948717
170,1148.0,0.8058823529411766,18.58627450980392
210,1129.3333740234375,0.8111111111111112,18.154761904761905
