User_Num,Tx_Cost,Fulfill,Comp_Time
10,1137.681640625,0.8333333333333334,12.808333333333332
50,1300.60986328125,0.83,12.409999999999998
90,1234.1080322265625,0.8222222222222223,12.516666666666666
130,1366.5242919921875,0.8333333333333334,12.767948717948718
170,1300.3543701171875,0.8259803921568628,12.698529411764705
210,1201.49609375,0.8218253968253967,12.558333333333335
