User_Num,Tx_Cost,Fulfill,Comp_Time
10,2396.365966796875,0.6916666666666668,26.88333333333333
50,2398.5224609375,0.6916666666666668,26.505
90,2400.88232421875,0.6731481481481483,26.527777777777775
130,2398.9296875,0.639102564102564,27.57628205128205
170,2400.281005859375,0.6593137254901961,27.169607843137257
210,2399.593017578125,0.6706349206349206,26.87420634920635
