User_Num,Tx_Cost,Fulfill,Comp_Time
10,753.3333129882812,0.8249999999999998,11.275000000000001
50,773.3333129882812,0.8333333333333334,11.485
90,783.3333129882812,0.8342592592592591,11.512037037037038
130,800.6666870117188,0.8358974358974359,11.881410256410257
170,810.0,0.8333333333333334,12.741176470588234
210,826.6666870117188,0.8412698412698413,13.64920634920635
