User_Num,Tx_Cost,Fulfill,Comp_Time
10,852.5381469726562,0.8166666666666668,11.466666666666667
50,873.456787109375,0.8166666666666668,11.393333333333333
90,893.7472534179688,0.8333333333333334,11.475
130,961.2520141601562,0.8230769230769232,11.617307692307692
170,961.2702026367188,0.8362745098039216,11.181862745098039
210,916.20458984375,0.8353174603174603,11.439285714285715
