User_Num,Tx_Cost,Fulfill,Comp_Time
10,377.384521484375,0.8083333333333332,12.333333333333334
50,372.3766174316406,0.8016666666666667,12.976666666666667
90,419.7035217285156,0.8101851851851851,12.89537037037037
130,500.80859375,0.8147435897435896,13.726923076923077
170,463.6310119628906,0.8171568627450979,13.387254901960786
