User_Num,Tx_Cost,Fulfill,Comp_Time
10,609.38818359375,0.8166666666666668,10.85
50,690.7490234375,0.815,11.268333333333333
90,704.0966186523438,0.8203703703703704,11.35925925925926
130,710.55615234375,0.8051282051282053,11.404487179487178
170,715.126708984375,0.8142156862745097,11.754411764705884
210,720.5454711914062,0.8273809523809524,11.802063492063492
