User_Num,Tx_Cost,Fulfill,Comp_Time
10,252.1824493408203,0.8000000000000002,12.408333333333331
50,286.3232116699219,0.8133333333333334,12.68
90,327.0679626464844,0.812962962962963,12.725925925925926
130,393.3656311035156,0.8160256410256409,13.517307692307691
170,345.2103576660156,0.809313725490196,13.293137254901959
210,327.0835266113281,0.809126984126984,13.05357142857143
