User_Num,Tx_Cost,Fulfill,Comp_Time
10,796.3180541992188,0.8333333333333334,11.53
50,878.7681274414062,0.8233333333333333,11.858333333333333
90,878.952880859375,0.8333333333333334,11.85925925925926
130,883.9907836914062,0.8326923076923077,12.004487179487178
170,898.8274536132812,0.8313725490196079,12.754411764705884
210,948.861328125,0.8273809523809522,13.566269841269841
