User_Num,Tx_Cost,Fulfill,Comp_Time
10,609.38818359375,0.8166666666666668,11.533333333333333
50,690.7490234375,0.815,11.856666666666667
90,674.0966186523438,0.8203703703703704,11.632407407407406
130,706.55615234375,0.8051282051282053,12.160897435897434
170,690.126708984375,0.8142156862745097,11.877941176470587
210,690.5454711914062,0.8273809523809524,11.492063492063492
