User_Num,Tx_Cost,Fulfill,Comp_Time
10,731.6666870117188,0.8333333333333334,11.199999999999998
50,753.3333129882812,0.8416666666666667,11.505
90,753.3333129882812,0.8398148148148148,11.612962962962962
130,774.0,0.842948717948718,11.856410256410257
170,775.0,0.8333333333333334,11.912254901960785
210,777.0,0.8392857142857143,12.599603174603175
