User_Num,Tx_Cost,Fulfill,Comp_Time
10,47.7575798034668,0.0,100.0
50,47.7575798034668,0.0,100.0
90,47.7575798034668,0.0,100.0
130,47.7575798034668,0.0,100.0
