User_Num,Tx_Cost,Fulfill,Comp_Time
1,1916.800048828125,0.82,36.67999999999999
10,16187.599609375,0.812,39.896
