User_Num,Tx_Cost,Fulfill,Comp_Time
1,1765.5439453125,0.8,31.940000000000005
10,2051.43212890625,0.8240000000000001,29.177999999999997
20,1753.496337890625,0.826,29.976
30,2275.216064453125,0.8286666666666667,30.96666666666667
40,2283.378173828125,0.8164999999999999,31.3315
