User_Num,Tx_Cost,Fulfill,Comp_Time
1,4930.787109375,0.8200000000000001,51.760000000000005
10,6894.03515625,0.804,55.512
20,9494.1298828125,0.8019999999999999,71.66499999999999
30,5422.4443359375,0.8073333333333335,49.56466666666667
40,6720.26708984375,0.8055,59.12949999999999
