User_Num,Tx_Cost,Fulfill,Comp_Time,erasure
80,11377.0,0.8262499999999999,30.834999999999997,0.1
80,15343.6669921875,0.8141666666666666,34.449999999999996,0.2
80,19636.0,0.8054166666666668,42.76791666666666,0.3
80,20897.666015625,0.8009999999999999,40.28666666666667,0.4
