User_Num,Tx_Cost,Fulfill,Comp_Time,erasure
80,11707.3330078125,0.7941666666666668,44.481249999999996
80,13410.6669921875,0.7229166666666668,52.87375
80,13410.6669921875,0.6774999999999999,57.03333333333333
80,13410.6669921875,0.6499999999999999,60.17583333333334
