User_Num,Tx_Cost,Fulfill,Comp_Time,erasure
80,13173.8017578125,0.8112499999999999,35.87041666666667
80,19759.994140625,0.7825000000000001,40.06791666666666
80,20489.6875,0.7612500000000001,43.20083333333333
80,21425.771484375,0.7495833333333333,44.98916666666667
