User_Num,Tx_Cost,Fulfill,Comp_Time,erasure
80,12352.5205078125,0.8258333333333333,24.648749999999996,0.1
80,17470.607421875,0.8165833333333333,29.605,0.2
80,26381.021484375,0.81425,33.624583333333334,0.3
80,28859.248046875,0.810000000000001,32.27,0.4
