step,tx_cost,fulfill
1,50.513344,0.0
2,101.090675,0.0
3,154.99983,0.0
4,207.12598,0.0
5,258.0133,0.0
6,313.05667,0.1
7,367.19476,0.1
8,423.2437,0.2
9,479.83698,0.2
10,537.4152,0.3
11,601.44366,0.3
12,662.026,0.3
13,728.2546,0.4
14,790.3708,0.5
15,852.78467,0.5
16,917.1166,0.6
17,983.5941,0.6
18,1046.286,0.6
19,1106.8245,0.6
20,1169.0088,0.7
21,1229.7478,0.7
22,1285.4032,0.7
23,1343.3754,0.7
24,1400.2511,0.7
25,1458.6122,0.7
26,1515.2119,0.8
27,1573.6124,0.8
