User_Num,Tx_Cost,Fulfill,Comp_Time,erasure
80,3659.539794921875,0.8270833333333334,28.292916666666667,0.1
80,4901.72314453125,0.8208333333333333,32.630833333333335,0.2
80,5557.59228515625,0.8183333333333334,35.39,0.3
80,6003.96533203125,0.8174999999999999,37.30083333333334,0.4
