User_Num,Tx_Cost,Fulfill,Comp_Time,erasure
80,5658.70947265625,0.7641666666666667,47.816250000000004
80,5482.857421875,0.71,51.903333333333336
80,5429.359375,0.6554166666666666,55.807916666666664
80,5401.3046875,0.62875,57.88249999999999
