step,tx_cost,fulfill
1,108.14998,0.0
2,214.28773,0.0
3,310.678,0.0
4,409.32693,0.055
5,507.80008,0.16375
6,610.10657,0.24625
7,720.0921,0.33625
8,820.46387,0.43375
9,928.25037,0.53625
10,1030.9875,0.5725
11,1134.7285,0.60375
12,1232.6692,0.62875
13,1340.0854,0.6525
14,1457.2646,0.695
15,1576.9327,0.70875
16,1694.5059,0.7325
17,1812.9354,0.75875
18,1925.3181,0.77375
19,2029.9178,0.8075
20,2141.7397,0.8225
