User_Num,Tx_Cost,Fulfill,Comp_Time,erasure
80,4580.02587890625,0.82125,29.564999999999998,0.1
80,7567.64306640625,0.7975,35.51041666666667,0.2
80,7867.95703125,0.7416666666666667,43.07083333333333,0.3
80,8566.009765625,0.6904166666666667,46.21875,0.4
