User_Num,Tx_Cost,Fulfill,Comp_Time,erasure
80,15131.0439453125,0.7033333333333334,57.87416666666667,0.1
80,15468.5185546875,0.66125,65.06541666666668,0.2
80,15559.8173828125,0.4387499999999999,68.30499999999999,0.3
80,15652.5751953125,0.4058333333333333,70.01375,0.4
