User_Num,Tx_Cost,Fulfill,Comp_Time,erasure
80,15131.0439453125,0.6533333333333334,57.87416666666667
80,15468.5185546875,0.57125,65.06541666666668
80,15559.8173828125,0.5187499999999999,68.30499999999999
80,15652.5751953125,0.4958333333333333,70.01375
