Iteration,Reward,Cost_Rate,Lambda,Tx_Cost,Comp_Time
0,48.40037,0.1775,1.000775,5600.1865,32.0271875
1,46.178837643112,0.17140624999999998,1.0014890625,5568.673,32.934062499999996
2,47.1849622550477,0.1709375,1.0021984375,5439.7124,32.389374999999994
3,44.772914467752145,0.17558823529411766,1.0029543198529411,5326.556,32.74838235294118
