User_Num,Tx_Cost,Fulfill,Comp_Time
1,2012.4000244140625,0.8,42.08
100,2593.912109375,0.8138,41.5678
200,4292.2265625,0.8067,42.3024
300,5671.70263671875,0.8082666666666668,42.2916
400,8567.712890625,0.80985,45.2015
