User_Num,Tx_Cost,Fulfill,Comp_Time
1,1510.6624755859375,0.8,33.1
100,3003.705810546875,0.8266,33.9286
200,4981.76171875,0.8118000000000001,33.0519
300,7015.36181640625,0.8288666666666666,35.39993333333334
400,8418.59765625,0.8185500000000001,33.568599999999996
