User_Num,Tx_Cost,Fulfill,Comp_Time
1,1510.6624755859375,0.8,33.1
100,3003.705810546875,0.8266,33.9286
