User_Num,Tx_Cost,Fulfill,Comp_Time
1,2123.120361328125,0.82,37.519999999999996
100,2769.37158203125,0.8208,36.00000000000001
200,2370.431396484375,0.8199,36.3466
300,2544.771240234375,0.8153333333333332,35.42013333333333
400,2505.046875,0.80975,35.27645
