User_Num,Tx_Cost,Fulfill,Comp_Time
1,2239.20263671875,0.7799999999999999,36.78
100,2869.30615234375,0.8066000000000001,38.1632
200,2891.63427734375,0.8122,38.309400000000004
