User_Num,Tx_Cost,Fulfill,Comp_Time
1,2239.20263671875,0.7799999999999999,36.78
100,2869.30615234375,0.8066000000000001,38.1632
200,2891.63427734375,0.8122,38.309400000000004
300,2719.09375,0.8062666666666667,38.0918
400,2497.6533203125,0.8159500000000002,36.11750000000001
