User_Num,Tx_Cost,Fulfill,Comp_Time
1,4758.6455078125,0.8200000000000001,63.21999999999999
100,5910.26708984375,0.806,59.398199999999996
200,14856.990234375,0.7836000000000001,69.9931
300,20172.57421875,0.7924,79.34380000000002
400,22386.9892578125,0.80755,61.6154
