User_Num,Tx_Cost,Fulfill,Comp_Time
1,1229.199951171875,0.7000000000000001,55.67999999999999
50,1390.26416015625,0.7256,59.6948
100,2048.33154296875,0.785,59.60260000000001
200,3132.011962890625,0.7631,61.2383
400,6034.2490234375,0.7559,58.3802
