User_Num,Tx_Cost,Fulfill,Comp_Time
1,1472.438720703125,0.4600000000000001,71.26
