User_Num,Tx_Cost,Fulfill,Comp_Time
10,112.90533447265625,0.8249999999999998,24.491666666666664
50,119.66152954101562,0.8783333333333333,24.813333333333333
90,119.86881256103516,0.849074074074074,24.899999999999995
130,122.6468505859375,0.8435897435897436,25.060897435897437
170,122.82620239257812,0.8470588235294118,25.18
210,122.72098541259766,0.8456349206349206,25.374603174603173
