User_Num,Tx_Cost,Fulfill,Comp_Time
1,1264.800048828125,0.76,53.339999999999996
