User_Num,Tx_Cost,Fulfill,Comp_Time
1,1250.5999755859375,0.9199999999999999,36.64
50,4031.338623046875,0.8996000000000001,37.5392
100,7186.07958984375,0.8968,33.708999999999996
200,13686.4189453125,0.9055,37.0363
400,28307.509765625,0.8881,39.152449999999995
