User_Num,Tx_Cost,Fulfill,Comp_Time
1,1264.800048828125,0.76,53.339999999999996
100,2271.887451171875,0.7784000000000001,56.80120000000001
200,3327.707763671875,0.7605000000000001,61.7115
300,4765.8603515625,0.7814666666666668,67.324666666666666
400,6494.52099609375,0.78155,67.557550000000006
