User_Num,Tx_Cost,Fulfill,Comp_Time
1,444.6000061035156,0.8,37.5
50,22619.80078125,0.8108000000000001,38.58
100,48695.3984375,0.8096,39.105399999999996
200,99702.203125,0.8094000000000001,38.802
400,190637.59375,0.81355,39.331
