User_Num,Tx_Cost,Fulfill,Comp_Time
1,458.6666564941406,0.8333333333333334,27.366666666666664
50,488.6666564941406,0.828,30.904666666666667
100,510.3333435058594,0.8319999999999999,29.619
200,541.6666870117188,0.8365,31.080000000000002
400,614.6666870117188,0.8571666666666666,30.031916666666664
