User_Num,Tx_Cost,Fulfill,Comp_Time
1,1479.800048828125,0.8,60.08
100,2885.16748046875,0.8038000000000001,61.419999999999995
200,4053.753173828125,0.8070999999999999,60.1854
300,4955.189453125,0.806,53.43580000000001
400,6774.22802734375,0.8074,55.7428
