User_Num,Tx_Cost,Fulfill,Comp_Time
1,1264.800048828125,0.76,53.339999999999996
50,1676.732177734375,0.792,55.0788
100,2271.887451171875,0.7784000000000001,56.80120000000001
200,3327.707763671875,0.7605000000000001,61.7115
400,6494.52099609375,0.78155,57.557550000000006
