User_Num,Tx_Cost,Fulfill,Comp_Time
1,1371.8505859375,0.78,42.3
50,2122.86962890625,0.8119999999999999,42.849199999999996
100,2893.0478515625,0.8078000000000001,43.8596
200,5297.7763671875,0.8179000000000001,43.5927
400,9196.1708984375,0.8068500000000001,44.48864999999999
