User_Num,Tx_Cost,Fulfill,Comp_Time
1,1610.8341064453125,0.7799999999999999,45.24
100,2949.684326171875,0.7792000000000001,49.292
200,4575.26416015625,0.8168,42.2162
300,6620.16259765625,0.8128666666666667,42.52026666666667
400,9403.724609375,0.7944,48.399899999999995
