User_Num,Tx_Cost,Fulfill,Comp_Time
1,1323.853271484375,0.9,24.82
50,5881.78662109375,0.9067999999999999,27.0976
100,11196.162109375,0.8968,30.0126
200,23547.416015625,0.8997999999999999,31.5268
400,43993.80078125,0.9023999999999999,29.639099999999996
