User_Num,Tx_Cost,Fulfill,Comp_Time
10,93.33333587646484,0.8249999999999998,25.391666666666666
50,95.0,0.8833333333333334,25.443333333333336
90,95.0,0.862037037037037,26.289814814814817
130,101.0,0.8538461538461538,26.30717948717949
170,106.0,0.8647058823529412,26.459803921568625
210,108.0,0.8650793650793651,26.668650793650794

