User_Num,Tx_Cost,Fulfill,Comp_Time
1,925.1598510742188,0.8,33.42
50,33033.06640625,0.8096,34.306799999999996
100,66382.890625,0.82,32.781600000000005
200,123974.2734375,0.8083,31.107099999999996
400,260091.421875,0.8160000000000001,33.50725
