User_Num,Tx_Cost,Fulfill,Comp_Time
1,1610.8341064453125,0.7799999999999999,45.24
50,2456.716064453125,0.8032,45.7244
100,2949.684326171875,0.7792000000000001,49.292
200,4575.26416015625,0.8168,42.2162
400,9403.724609375,0.7944,48.399899999999995
