User_Num,Tx_Cost,Fulfill,Comp_Time
1,455.9434814453125,0.8000000000000002,24.666666666666668
50,1317.335205078125,0.854,25.174000000000003
100,925.35595703125,0.8173333333333334,27.427333333333333
200,1051.5079345703125,0.8155000000000001,26.36583333333333
400,1181.6024169921875,0.847,27.489083333333337
