User_Num,Tx_Cost,Fulfill,Comp_Time
10,92.46053314208984,0.8249999999999998,26.71666666666667
50,90.77066802978516,0.8516666666666667,25.921666666666663
90,95.6369400024414,0.8444444444444444,23.428703703703704
130,95.8032455444336,0.8358974358974359,24.8
170,95.73049926757812,0.8450980392156863,24.04313725490196
210,95.68492889404297,0.8448412698412698,24.22063492063492
