User_Num,Tx_Cost,Fulfill,Comp_Time
1,981.3956909179688,0.8,37.5
50,1047.3837890625,0.8092,39.532799999999995
100,1037.0784912109375,0.8108000000000001,39.4178
200,1091.11572265625,0.8103000000000001,40.4191
400,1051.402587890625,0.8111,38.92835
