User_Num,Tx_Cost,Fulfill,Comp_Time
1,1638.8558349609375,0.78,45.54
100,2065.824462890625,0.7894,49.1016
200,1971.483642578125,0.8075000000000001,45.1691
300,1912.2152099609375,0.8080666666666666,47.42093333333334
400,2357.870361328125,0.8015000000000001,51.1432
