User_Num,Tx_Cost,Fulfill,Comp_Time
1,1251.7896728515625,0.9199999999999999,36.42
50,1778.5679931640625,0.9016,35.5272
100,1675.3704833984375,0.8974,33.6034
200,1520.492919921875,0.9058999999999999,35.8947
400,1697.712646484375,0.8885500000000001,39.099000000000004
