User_Num,Tx_Cost,Fulfill,Comp_Time
1,1638.8558349609375,0.78,45.54
50,1873.4693603515625,0.8068,48.2876
100,2065.824462890625,0.7894,49.1016
200,1971.483642578125,0.8075000000000001,45.1691
400,2357.870361328125,0.8015000000000001,51.1432
