User_Num,Tx_Cost,Fulfill,Comp_Time
1,1542.5032958984375,0.8,48.839999999999996
50,2121.209716796875,0.7727999999999999,53.42439999999999
100,1867.746826171875,0.8116000000000001,55.92960000000001
