User_Num,Tx_Cost,Fulfill,Comp_Time
1,1352.8150634765625,0.7799999999999999,38.28
50,1644.127685546875,0.8124,38.205200000000005
100,1641.249267578125,0.8160000000000001,38.43900000000001
200,1578.6929931640625,0.8180999999999999,37.9381
400,1801.795654296875,0.81265,39.6344
