User_Num,Tx_Cost,Fulfill,Comp_Time
1,1670.569580078125,0.78,45.1
50,2013.41015625,0.8044,45.6644
100,2081.44873046875,0.7984,46.3568
200,2104.52001953125,0.8085999999999999,47.565099999999994
400,2317.458984375,0.8063,51.67105
