User_Num,Tx_Cost,Fulfill,Comp_Time
1,1692.2916259765625,0.9,36.11999999999999
50,2480.713134765625,0.8996000000000001,37.6404
100,2179.041748046875,0.8966000000000001,33.8276
200,2020.0679931640625,0.9057999999999999,36.9523
400,2282.478271484375,0.88825,39.14345
