User_Num,Tx_Cost,Fulfill,Comp_Time
1,1654.340087890625,0.82,44.78
50,1880.510986328125,0.8092,45.8388
100,2172.041748046875,0.8116,48.53340000000001
200,2104.360595703125,0.8099000000000001,46.5263
400,2030.001708984375,0.8147,47.175
