User_Num,Tx_Cost,Fulfill,Comp_Time
1,1478.3741455078125,0.7799999999999999,52.67999999999999
50,2002.0394287109375,0.758,54.837599999999995
100,1990.1009521484375,0.784,55.56079999999999
200,1910.557861328125,0.8016,52.7082
400,2139.890380859375,0.7909499999999999,57.240649999999995
