User_Num,Tx_Cost,Fulfill,Comp_Time
10,93.5587387084961,0.8000000000000002,25.958333333333332
50,93.39058685302734,0.8133333333333334,26.395
90,97.22076416015625,0.8203703703703704,26.68703703703704
130,101.5377197265625,0.8102564102564104,27.322435897435895
170,101.6445770263672,0.8024509803921568,28.026470588235295
210,101.98143005371094,0.8031746031746033,28.77420634920635
