User_Num,Tx_Cost,Fulfill,Comp_Time
1,1600.308349609375,0.4600000000000001,71.11999999999999
50,1981.865234375,0.3932,74.83439999999999
100,2131.384521484375,0.3206,76.3564
