User_Num,Tx_Cost,Fulfill,Comp_Time
10,91.66666412353516,0.8249999999999998,26.308333333333337
50,90.0,0.8783333333333333,24.629999999999995
90,90.0,0.849074074074074,25.722222222222218
130,91.66666412353516,0.8435897435897436,25.594871794871793
170,91.66666412353516,0.8470588235294118,25.628431372549016
210,90.0,0.8456349206349206,26.39920634920635
