User_Num,Tx_Cost,Fulfill,Comp_Time
10,91.66666412353516,0.8249999999999998,25.308333333333337
50,93.0,0.8783333333333333,25.629999999999995
90,94.0,0.849074074074074,25.722222222222218
130,95.66666412353516,0.8435897435897436,25.894871794871793
170,96.73049926757812,0.8450980392156863,26.04313725490196
210,96.68492889404297,0.8448412698412698,26.22063492063492