User_Num,Tx_Cost,Fulfill,Comp_Time
1,1189.800048828125,0.9,35.2
50,3866.68017578125,0.8356,42.972
100,7064.19921875,0.8786000000000002,38.921400000000006
200,13694.900390625,0.8953,38.978500000000004
400,29584.380859375,0.9043999999999999,36.754599999999996
