User_Num,Tx_Cost,Fulfill,Comp_Time
1,3675.452392578125,0.8,86.1
100,5332.3271484375,0.8026000000000002,80.071
200,8656.71875,0.7985,76.6606
300,13439.037109375,0.7712,82.1322
400,18049.55078125,0.78425,83.69404999999999
