User_Num,Tx_Cost,Fulfill,Comp_Time
1,1600.308349609375,0.4600000000000001,71.11999999999999
100,2131.384521484375,0.3206,76.3564
200,3631.02587890625,0.4572,73.15429999999999
300,6187.4208984375,0.5978,66.35679999999999
