User_Num,Tx_Cost,Fulfill,Comp_Time
1,402.6000061035156,0.8400000000000001,37.739999999999995
50,26153.400390625,0.8171999999999999,41.422000000000004
100,48473.0,0.8118000000000001,41.495799999999996
200,84438.3984375,0.8184000000000001,36.8476
400,202475.796875,0.8089999999999999,39.199400000000004
