User_Num,Tx_Cost,Fulfill,Comp_Time
1,541.0,0.8666666666666667,30.700000000000003
50,532.0,0.842,29.94
100,553.0,0.854,32.10933333333333
200,491.6666564941406,0.8261666666666666,31.904666666666667
400,579.6666870117188,0.8489166666666667,31.47525
