User_Num,Tx_Cost,Fulfill,Comp_Time
1,1263.5999755859375,0.8,54.660000000000004
50,1794.1162109375,0.6679999999999999,63.644000000000005
100,2176.15673828125,0.7584000000000002,57.7802
200,3532.08056640625,0.7763,60.9678
400,6667.68115234375,0.7765,60.467150000000004
