Iteration,Reward,Cost_Rate,Lambda,Tx_Cost,Comp_Time
0,-18.493412,0.16000000000000003,1.0,2304.4302,40.96
1,-17.221146,0.17,1.0,1914.1946,41.168
2,-18.161596,0.1742857142857143,1.0,2055.483,42.364285714285714
3,-17.559969,0.17909090909090908,1.0,1976.5613,41.592727272727274
4,-17.264593,0.1785714285714286,1.0,1943.0898,40.75
5,-17.751514,0.1827777777777778,1.0,1978.1733,40.99611111111111
6,-17.069523,0.18500000000000003,1.0,1897.2441,40.73909090909091
