User_Num,Tx_Cost,Fulfill,Comp_Time
1,1622.199951171875,0.76,42.96
40,3517.199951171875,0.7759999999999999,41.939
