User_Num,Tx_Cost,Fulfill,Comp_Time
1,1497.6063232421875,0.82,31.619999999999994
40,4518.85888671875,0.8150000000000001,34.705
80,9938.482421875,0.8094999999999999,33.271750000000004
120,15839.0029296875,0.799,33.876
160,19081.24609375,0.812625,34.49025
