User_Num,Tx_Cost,Fulfill,Comp_Time
1,2058.08544921875,0.5399999999999999,54.71999999999999
40,3487.647216796875,0.3885,67.7305
80,7237.8095703125,0.40475000000000005,66.7985
120,11019.6279296875,0.4726666666666667,60.73766666666667
160,13257.564453125,0.4165,64.823625
