User_Num,Tx_Cost,Fulfill,Comp_Time,erasure
1,5087.0,0.8000000000000002,30.866666666666664,0.1
40,7342.33349609375,0.8591666666666665,28.209166666666665,0.1
80,12269.0,0.8520833333333333,28.33708333333333,0.1
120,21176.0,0.8402777777777778,27.153888888888886,0.1
160,20248.666015625,0.8516666666666666,30.408125000000002,0.1
