User_Num,Tx_Cost,Fulfill,Comp_Time,erasure
1,3276.9384765625,0.8666666666666667,24.5,0.1
40,6728.93359375,0.8458333333333333,21.866666666666664,0.1
80,10070.3408203125,0.8804166666666667,21.355,0.1
120,18596.068359375,0.8477777777777779,22.666944444444443,0.1
160,24281.1171875,0.836875,21.596875,0.1
