step,tx_cost,fulfill
1,0.0,0.0
2,776.5092,0.0
3,809.86615,0.0
4,1484.8231,0.01125
5,1558.0077,0.01125
6,2248.451,0.03875
7,2339.5388,0.03875
8,3060.0024,0.0975
9,3226.9172,0.10125
10,3877.0164,0.17125
11,3999.2454,0.19125
12,4617.9243,0.28625
13,4794.98,0.35625
14,5422.373,0.65375
15,5635.42,0.6675
16,6192.0337,0.7975
17,6400.697,0.81
18,6999.8823,0.885
