User_Num,Tx_Cost,Fulfill,Comp_Time
10,327.3333435058594,0.9,28.191666666666666
50,327.3333435058594,0.8850000000000001,28.91
90,327.3333435058594,0.8796296296296297,29.667592592592595
130,330.0,0.8923076923076924,30.590384615384618
170,330.0,0.8931372549019607,28.27254901960784
210,330.0,0.8948412698412699,28.668253968253968
