User_Num,Tx_Cost,Fulfill,Comp_Time
10,152.6666717529297,0.8250000000000001,27.25
50,162.0,0.8716666666666666,28.346666666666664
90,163.3333282470703,0.8888888888888888,27.431481481481484
130,166.0,0.9012820512820513,26.26923076923077
170,166.0,0.9034313725490196,26.04607843137255
210,164.6666717529297,0.8896825396825396,27.016269841269843
