User_Num,Tx_Cost,Fulfill,Comp_Time,erasure
1,4217.29833984375,0.8666666666666667,28.3,0.1
40,6566.71923828125,0.8466666666666667,27.025000000000002,0.1
80,6132.39208984375,0.8554166666666667,28.462500000000002,0.1
120,5720.298828125,0.8516666666666666,27.64027777777778,0.1
160,7008.81787109375,0.8395833333333332,27.218958333333333,0.1
