User_Num,Tx_Cost,Fulfill,Comp_Time,erasure
1,13442.5966796875,0.6333333333333334,48.666666666666664,0.1
40,13230.9990234375,0.375,68.67583333333333,0.1
80,20392.021484375,0.4345833333333333,67.88583333333334,0.1
120,45090.26953125,0.6455555555555555,55.29027777777778,0.1
160,34916.55078125,0.41020833333333334,65.56520833333333,0.1
