User_Num,Tx_Cost,Fulfill,Comp_Time
10,164.6666717529297,0.9083333333333333,27.75
50,162.0,0.895,28.281666666666666
90,162.0,0.8731481481481481,28.872222222222224
130,162.0,0.8666666666666667,30.122435897435896
170,162.0,0.8642156862745098,30.37794117647059
210,162.0,0.8670634920634921,29.82420634920635
