User_Num,Tx_Cost,Fulfill,Comp_Time
1,85.06473541259766,0.0,90.0
2,76.5394287109375,0.0,90.0
