step,tx_cost,fulfill
1,50.283752,0.0
2,100.36767,0.0
3,150.13002,0.0
4,198.33315,0.0
5,244.21347,0.1
6,290.09155,0.2
7,338.5406,0.3
8,384.67648,0.3
9,429.8862,0.4
10,480.31702,0.4
11,531.9728,0.4
12,586.45984,0.4
13,637.3722,0.4
14,692.17255,0.6
15,751.8539,0.6
16,813.9104,0.6
17,873.88745,0.6
18,935.0875,0.6
19,999.6259,0.6
20,1066.207,0.7
21,1131.7832,0.7
22,1195.2504,0.7
23,1257.4293,0.7
24,1322.134,0.8
25,1390.4564,0.8
