User_Num,Tx_Cost,Fulfill,Comp_Time
1,1984.9180908203125,0.8000000000000002,31.03333333333333
40,3760.461181640625,0.8066666666666666,42.68166666666667
80,4078.892578125,0.8179166666666666,38.77041666666667
120,2761.668701171875,0.8155555555555556,34.19583333333333
160,3690.849609375,0.813125,39.941875
