User_Num,Tx_Cost,Fulfill,Comp_Time
1,2032.015625,0.8000000000000002,31.899999999999995
40,4429.044921875,0.7658333333333333,38.850833333333334
80,4908.97314453125,0.7741666666666666,39.217083333333335
120,5830.65283203125,0.7922222222222222,41.04138888888889
160,6020.72802734375,0.6983333333333334,44.93
