User_Num,Tx_Cost,Fulfill,Comp_Time
1,2839.752685546875,0.8000000000000002,49.0
40,8114.80712890625,0.8066666666666666,51.315
80,23003.974609375,0.8120833333333334,70.715
120,24078.740234375,0.8019444444444445,51.47888888888889
160,31124.0,0.8054166666666668,48.948125000000005
