User_Num,Tx_Cost,Fulfill,Comp_Time
1,3015.39990234375,0.62,66.18
50,3371.220703125,0.6648000000000001,66.3812
100,3718.33544921875,0.6407999999999999,70.17800000000001
200,6084.955078125,0.6244,68.2372
400,10870.69921875,0.6950500000000001,67.191
