User_Num,Tx_Cost,Fulfill,Comp_Time
1,1716.4000244140625,0.78,39.84
50,2303.23974609375,0.7984,41.606
100,2315.79248046875,0.8138,39.00319999999999
200,3796.987548828125,0.817,41.90129999999999
400,6845.2109375,0.8220000000000001,42.1952
