step,fulfill
1,0.0
2,0.0
3,0.0
4,0.0
5,0.004
6,0.125
7,0.14275
8,0.309
9,0.31225
10,0.3955
11,0.4105
12,0.479
13,0.4965
14,0.54925
15,0.557
16,0.58825
17,0.58875
18,0.6235
19,0.6395
20,0.66925
21,0.6745
22,0.704
23,0.713
24,0.73925
25,0.757
26,0.778
27,0.78475
28,0.80975
29,0.8135
