User_Num,Tx_Cost,Fulfill,Comp_Time
1,2876.443359375,0.8200000000000001,43.839999999999996
50,3701.50341796875,0.7904,44.529999999999994
100,4641.833984375,0.8065999999999999,45.9964
200,8776.8857421875,0.8090000000000002,45.637499999999996
400,15545.384765625,0.8064,47.932249999999996
