User_Num,Tx_Cost,Fulfill,Comp_Time
1,1768.3218994140625,0.8400000000000001,34.440000000000005
50,2468.822509765625,0.8084000000000001,35.3756
100,3059.625,0.8124,34.4922
200,4778.37158203125,0.8148,32.9173
400,9512.703125,0.81425,32.3947
