User_Num,Tx_Cost,Fulfill,Comp_Time
1,2809.00341796875,0.30000000000000004,77.91999999999999
50,2995.544677734375,0.30720000000000003,79.1472
100,4615.6337890625,0.4716,74.228
200,6353.47314453125,0.40199999999999997,78.2266
400,10767.216796875,0.321,79.4997
