User_Num,Tx_Cost,Fulfill,Comp_Time
1,1405.800048828125,0.82,39.400000000000006
50,2132.471923828125,0.812,42.220800000000004
100,2400.26416015625,0.8116,40.103
200,4146.89892578125,0.8141,42.6989
400,6203.41357421875,0.8136000000000001,39.4486
