Iteration,Reward,Cost_Rate,Lambda,Tx_Cost,Comp_Time
0,-42.65242,0.323125,1.0000123125,4058.4028,49.302499999999995
1,-41.99248806260822,0.318125,1.000024125,4423.9585,49.2634375
2,-43.28512304197361,0.32791666666666663,1.0000369166666665,4771.9204,50.915625
3,-42.44650618723493,0.3215625,1.0000490729166664,4874.286,50.668437499999996
4,-45.47438487080636,0.3444999999999999,1.0000635229166666,4894.7427,52.36525
