User_Num,Tx_Cost,Fulfill,Comp_Time
1,3256.39990234375,0.8400000000000001,29.860000000000003
40,4587.39990234375,0.8469999999999999,27.8005
80,8264.400390625,0.8314999999999999,27.215249999999997
120,13305.7998046875,0.8211666666666666,27.77216666666667
160,16117.7998046875,0.835,27.8695
