User_Num,Tx_Cost,Fulfill,Comp_Time,erasure
1,3511.0,0.8000000000000002,34.333333333333336,0.1
40,6276.33349609375,0.8216666666666667,33.14333333333334,0.1
80,11377.0,0.8262499999999999,30.834999999999997,0.1
120,15346.0,0.8236111111111111,33.17916666666667,0.1
160,22736.666015625,0.8291666666666666,33.219166666666666,0.1
