step,tx_cost,fulfill
1,0.0,0.0
2,2165.5469,0.04625
3,2261.8804,0.04625
4,4001.917,0.17875
5,4138.829,0.210625
6,5937.042,0.329375
7,6239.4297,0.341875
8,8278.752,0.475
9,8670.631,0.476875
10,10369.103,0.48875
11,10754.705,0.49
12,12325.256,0.493125
13,13011.985,0.509375
14,14825.802,0.71875
15,15718.388,0.734375
16,16983.463,0.745625
17,17860.873,0.77125
18,19143.783,0.774375
19,19954.822,0.7975
20,21409.057,0.88375
21,22484.723,0.888125
