User_Num,Tx_Cost,Fulfill,Comp_Time,erasure
1,3280.682861328125,0.8000000000000002,29.766666666666666,0.1
40,8023.37548828125,0.8325,26.771666666666665,0.1
80,12352.5205078125,0.8358333333333333,24.648749999999996,0.1
120,20606.974609375,0.8216666666666667,26.992499999999996,0.1
160,29347.265625,0.8310416666666667,27.021041666666665,0.1
