User_Num,Tx_Cost,Fulfill,Comp_Time
1,2173.523681640625,0.8333333333333334,25.733333333333334
40,5534.72314453125,0.8258333333333333,24.9675
80,8526.5791015625,0.8204166666666667,23.519583333333333
120,13506.7978515625,0.8288888888888889,24.631944444444443
160,20247.943359375,0.8468749999999999,21.876041666666666
