step,tx_cost,fulfill
1,0.0,0.0
2,812.93427,0.02125
3,877.24567,0.02125
4,1557.6172,0.19125
5,1735.4071,0.235
6,2332.8804,0.3425
7,2642.793,0.39
8,3389.3208,0.47875
9,3561.4045,0.48
10,4283.7188,0.505
11,4460.329,0.50625
12,5066.009,0.5125
13,5323.8535,0.52125
14,6060.775,0.59625
15,6256.8438,0.60875
16,6931.3145,0.62125
17,7173.491,0.62875
18,7748.071,0.65
19,8069.4253,0.67
20,8725.957,0.7425
21,9148.783,0.75625
22,9719.501,0.78
23,10120.272,0.80375
24,10602.869,0.8175
