step,tx_cost,fulfill
1,127.312386,0.0
2,257.33047,0.0
3,381.78223,0.0
4,504.01984,0.3
5,624.6958,0.5
6,749.6084,0.5
7,882.42664,0.7
8,1009.7127,0.8
9,1133.6547,0.8
