step,tx_cost,fulfill
1,131.82625,0.0
2,267.66843,0.0
3,396.4537,0.07125
4,520.56244,0.1675
5,646.88293,0.245
6,775.5942,0.40375
7,904.6446,0.52
8,1036.9902,0.63
9,1178.8943,0.73
10,1315.1095,0.81
11,1449.0901,0.8375
