User_Num,Tx_Cost,Fulfill,Comp_Time
1,1801.3427734375,0.82,22.300000000000004
40,2591.73291015625,0.844,23.9405
80,2729.96142578125,0.8317500000000001,23.526999999999997
120,2841.70751953125,0.8406666666666667,24.627666666666663
160,2694.38330078125,0.85275,23.582
