step,tx_cost,fulfill
1,100.21095,0.0
2,201.31587,0.0
3,296.8563,0.001875
4,395.65942,0.098125
5,489.74335,0.240625
6,584.9897,0.343125
7,687.9409,0.485625
8,782.89545,0.57
9,875.32965,0.643125
10,968.25775,0.688125
11,1061.1989,0.71875
12,1154.5214,0.74125
13,1250.7314,0.7675
14,1350.5221,0.84
15,1451.1647,0.848125
