User_Num,Tx_Cost,Fulfill,Comp_Time,erasure
1,5178.37060546875,0.7666666666666666,36.9,0.1
40,4359.6474609375,0.8266666666666665,31.115,0.1
80,4934.40478515625,0.8291666666666666,29.90125,0.1
120,5956.47119140625,0.8077777777777778,34.60916666666667,0.1
160,4937.07568359375,0.8108333333333334,30.549583333333334,0.1
