step,tx_cost,fulfill
1,134.83333,0.0
2,274.82904,0.0
3,419.60648,0.0
4,570.16565,0.0
5,714.4244,0.1
6,856.8589,0.2
7,1002.65356,0.3
8,1149.4612,0.3
9,1292.1469,0.4
10,1433.7892,0.5
11,1570.0035,0.6
12,1700.3411,0.7
13,1838.9664,0.7
14,1970.1523,0.8
15,2091.5347,0.9
