User_Num,Tx_Cost,Fulfill,Comp_Time
1,2385.19140625,0.8400000000000001,25.959999999999997
40,3624.919189453125,0.8244999999999999,27.914499999999997
80,3574.56982421875,0.8290000000000001,27.767000000000003
120,3273.923583984375,0.8443333333333334,25.772499999999997
160,3508.47412109375,0.821625,27.500125000000004
