User_Num,Tx_Cost,Fulfill,Comp_Time,erasure
1,8686.7119140625,0.6,58.666666666666664,0.1
40,15209.3505859375,0.7324999999999999,54.29333333333333,0.1
80,26172.154296875,0.5320833333333334,55.79666666666666,0.1
120,34926.72265625,0.5786111111111111,56.71194444444444,0.1
160,48319.34765625,0.8075000000000001,47.37479166666666,0.1
