User_Num,Tx_Cost,Fulfill,Comp_Time
1,5045.33544921875,0.8,37.98
40,16982.123046875,0.8015000000000001,48.879000000000005
