User_Num,Tx_Cost,Fulfill,Comp_Time
1,4215.65185546875,0.58,48.86
40,5967.3701171875,0.4375,62.354499999999994
80,11882.0966796875,0.46224999999999994,57.10825
120,19114.39453125,0.4918333333333333,56.8745
160,21573.224609375,0.546875,55.847375
