User_Num,Tx_Cost,Fulfill,Comp_Time
1,1880.349609375,0.82,47.3
100,2375.76318359375,0.7852,52.205999999999996
200,2416.846435546875,0.8114000000000001,50.877300000000005
300,2126.55517578125,0.8017333333333333,49.87533333333333
400,2525.798828125,0.7618500000000001,51.613150000000005
