User_Num,Tx_Cost,Fulfill,Comp_Time
10,450.6666564941406,0.85,25.833333333333332
50,459.3333435058594,0.8300000000000001,27.39833333333333
90,442.0,0.8379629629629629,27.068518518518516
130,442.0,0.826923076923077,27.00448717948718
170,459.3333435058594,0.8348039215686275,26.571078431372552
210,450.6666564941406,0.8261904761904763,27.498412698412697
