User_Num,Tx_Cost,Fulfill,Comp_Time
10,1100.0,0.9500000000000001,13.225
50,1330.3333129882812,0.9233333333333333,13.548333333333335
90,1460.6666870117188,0.9222222222222222,14.02777777777777
130,1562.3333129882812,0.9044871794871794,15.001923076923078
170,1673.3333129882812,0.9102941176470588,15.434607843137254
210,1960.0,0.9134920634920635,15.95952380952381
