User_Num,Tx_Cost,Fulfill,Comp_Time
10,800.0,0.875,26.208333333333332
50,848.0,0.8450000000000001,27.416666666666668
90,804.0,0.8379629629629629,27.436111111111114
130,804.0,0.8256410256410257,28.08846153846154
170,833.3333129882812,0.8411764705882353,27.64264705882353
210,818.6666870117188,0.8285714285714286,28.022222222222222
