User_Num,Tx_Cost,Fulfill,Comp_Time
10,1166.9232177734375,0.8916666666666666,17.666666666666668
50,1164.6502685546875,0.875,18.64
90,1165.1890869140625,0.8861111111111111,18.597222222222225
130,1151.4412841796875,0.8641025641025641,19.149999999999995
170,1165.9307861328125,0.8779411764705882,18.791176470588237
210,1180.4991455078125,0.8869047619047619,18.75238095238095
