User_Num,Tx_Cost,Fulfill,Comp_Time
10,960.9232177734375,0.8916666666666666,17.4
50,964.6502685546875,0.875,18.4
90,985.1890869140625,0.8861111111111111,18.597222222222225
130,1051.4412841796875,0.8641025641025641,19.149999999999995
170,1165.9307861328125,0.8779411764705882,19.791176470588237
210,1190.4991455078125,0.8869047619047619,19.75238095238095
