User_Num,Tx_Cost,Fulfill,Comp_Time
10,960.0,0.9500000000000001,12.625
50,933.3333129882812,0.9233333333333333,15.248333333333335
90,946.6666870117188,0.9222222222222222,14.152777777777777
130,933.3333129882812,0.9044871794871794,15.401923076923078
170,933.3333129882812,0.9102941176470588,15.344607843137254
210,960.0,0.9134920634920635,13.65952380952381
