User_Num,Tx_Cost,Fulfill,Comp_Time
10,860.0,0.9500000000000001,14.225
50,903.3333129882812,0.9233333333333333,14.248333333333335
90,926.6666870117188,0.9222222222222222,14.552777777777777
130,936.3333129882812,0.9044871794871794,15.401923076923078
170,943.3333129882812,0.9102941176470588,15.744607843137254
210,950.0,0.9134920634920635,16.05952380952381
