User_Num,Tx_Cost,Fulfill,Comp_Time
10,960.5691528320312,0.9500000000000001,12.625
50,933.6914672851562,0.9233333333333333,15.248333333333335
90,947.1353149414062,0.9222222222222222,14.152777777777777
130,933.7140502929688,0.9044871794871794,15.401923076923078
170,933.7044067382812,0.9102941176470588,15.344607843137254
210,960.577392578125,0.9130952380952381,13.7015873015873
