User_Num,Tx_Cost,Fulfill,Comp_Time
10,450.6666564941406,0.85,16.666666666666668
50,459.3333435058594,0.8300000000000001,17.815
90,442.0,0.8379629629629629,17.438888888888886
130,442.0,0.826923076923077,17.517307692307693
170,459.3333435058594,0.8348039215686275,17.404411764705884
210,450.6666564941406,0.8261904761904763,17.6968253968254
