User_Num,Tx_Cost,Fulfill,Comp_Time
10,955.82958984375,0.9249999999999999,15.016666666666666
50,956.9963989257812,0.8850000000000001,16.12
90,956.4660034179688,0.887037037037037,16.127777777777776
130,957.339111328125,0.8865384615384615,15.946153846153848
170,957.0836791992188,0.8813725490196078,16.491666666666664
210,957.0538940429688,0.8738095238095238,16.84285714285714
