User_Num,Tx_Cost,Fulfill,Comp_Time
10,941.6666870117188,0.9249999999999999,17.708333333333332
50,958.3333129882812,0.87,18.3
90,968.3333129882812,0.8768518518518519,18.502777777777777
130,975.0,0.8871794871794871,19.58076923076923
170,985.0,0.8877450980392156,19.730882352941176
210,1041.6666870117188,0.8678571428571429,20.49484126984127
