User_Num,Tx_Cost,Fulfill,Comp_Time
10,941.6666870117188,0.9249999999999999,17.708333333333332
50,928.3333129882812,0.87,18.83
90,928.3333129882812,0.8768518518518519,18.802777777777777
130,955.0,0.8871794871794871,17.58076923076923
170,955.0,0.8877450980392156,17.730882352941176
210,941.6666870117188,0.8678571428571429,18.49484126984127
