Iteration,Reward,Cost_Rate,Lambda,Tx_Cost,Comp_Time
0,-35.201015,0.20499999999999996,1.00105,7726.657,34.8475
1,-9.55561525581486,0.19249999999999998,1.001975,6273.546,34.40375
2,-30.91518463538962,0.2026785714285714,1.0030017857142857,6689.3345,35.99017857142858
3,-12.936119454651612,0.19840909090909092,1.0039858766233767,6114.4546,35.479431818181816
4,-17.740175636745448,0.2016346153846154,1.0050022227772228,6346.8003,35.70355769230769
5,-21.896446111715154,0.202265625,1.0060248790272228,6508.6577,36.446796875000004
6,-19.84840080100384,0.2053125,1.007078004027223,6173.5137,36.259062500000006
