User_Num,Tx_Cost,Fulfill,Comp_Time
1,5112.60009765625,0.8,47.36
40,6132.2001953125,0.8025,43.65050000000001
80,17888.80078125,0.7957500000000001,47.722249999999995
120,17048.19921875,0.8009999999999999,42.99699999999999
