User_Num,Tx_Cost,Fulfill,Comp_Time
1,4850.4404296875,0.7,42.18
40,10267.2578125,0.7545,40.6185
80,20478.666015625,0.7645,39.97574999999999
120,34783.7265625,0.7791666666666667,40.221333333333334
