User_Num,Tx_Cost,Fulfill,Comp_Time
1,4458.71240234375,0.7333333333333334,46.300000000000004
40,6232.236328125,0.64,55.01
80,6366.21240234375,0.6733333333333333,52.91208333333333
