User_Num,Tx_Cost,Fulfill,Comp_Time
1,1733.4681396484375,0.36,69.62
40,2879.722412109375,0.3415,70.47550000000001
80,5436.0771484375,0.377,67.396
120,5777.07958984375,0.227,75.48750000000001
160,10092.16015625,0.40737499999999993,64.797875
